title,company,location,link
Senior Backend Engineer (Python/Django),Financial Technology Partners,"San Francisco, CA",https://stackoverflow.com/jobs/446918
Python Software Engineer,bloomon,"Amsterdam, Netherlands",https://stackoverflow.com/jobs/515564
Senior Backend Engineer - Python,Cornershop,"SÃ£o Paulo, Brazil",https://stackoverflow.com/jobs/515697
Principal Python Engineer,ComplyAdvantage,"London, UK",https://stackoverflow.com/jobs/504216
Backend Engineer (Python),Zattoo,"Berlin, Germany",https://stackoverflow.com/jobs/472439
Software Developer (Python),Picnic,"Amsterdam, Netherlands",https://stackoverflow.com/jobs/292346
Software Developer (Python),Nexthink,"Prilly, Switzerland",https://stackoverflow.com/jobs/471159
Python Developer,UKG (Ultimate Kronos Group),No office location,https://stackoverflow.com/jobs/487629
Senior Backend Engineer (Python/Django),NewtonX,"New York, NY",https://stackoverflow.com/jobs/470973
Senior Marketing Software Engineer (Python) - 5605,"Chewy, Inc.","Dania Beach, FL",https://stackoverflow.com/jobs/501814
Senior Python Engineer,SteepRock Inc,No office location,https://stackoverflow.com/jobs/383269
Python Software Engineer (40h/wk),Channable,"Utrecht, Netherlands",https://stackoverflow.com/jobs/265091
Senior Python Developer,Trafilea,No office location,https://stackoverflow.com/jobs/501177
Python Backend Developer,Werum IT Solutions - inCyght Data Science,"Budapest, Ungarn",https://stackoverflow.com/jobs/372243
Fullstack Entwickler (m/w/d) fÃ¼r R-/Python-Applikationen,Bundesdruckerei GmbH,"Hannover, Deutschland",https://stackoverflow.com/jobs/508309
Software Ingenieur Java/Python (m/w/d) Netzinformationssystem,Stadtwerke MÃ¼nchen GmbH,"MÃ¼nchen, Deutschland",https://stackoverflow.com/jobs/516836
Full-Stack Engineer (Python OR Javascript),Neo4j,"MalmÃ¶, Sweden",https://stackoverflow.com/jobs/362199
Python Software Engineer,Captivation Software,"Fort Meade, MD",https://stackoverflow.com/jobs/449506
Django / Python Developer,Divio,"Stockholm, Sweden",https://stackoverflow.com/jobs/519517
Senior Software Developer Python (m/f/d),StrÃ¶er Online Marketing,"Hamburg, Deutschland",https://stackoverflow.com/jobs/462625
Senior Python Developer,Addison Group,"Plano, TX",https://stackoverflow.com/jobs/521499
Senior Python Engineer,YouGov,No office location,https://stackoverflow.com/jobs/509007
DÃ©veloppeur Backend Python Senior (F/H),Thegreendata,"Paris, France",https://stackoverflow.com/jobs/515492
C++ and Python software engineers - Metrology,ASML,"Veldhoven, Netherlands",https://stackoverflow.com/jobs/518493
Senior Software Engineer - Python,DIGARC,No office location,https://stackoverflow.com/jobs/425402
?œë¹„?¤í”Œ?«í¼ êµ¬ì¶• ì´ê´„ ê´€ë¦??œì´?¤ì œ?´ê?ë¡œë²Œì»¨ì„¤???œìš¸ ê°•ë‚¨êµ?https://kr.indeed.com/viewjob?jk=4ac1544f2b89722e&tk=1f1k1icngqeic801&from=serp&vjs=3,,,
"ê¸°í›„?€ê¸°ì•ˆ?„ì—°êµ¬ë³¸ë¶€ ?„ì´‰?°êµ¬??(ê¸°ìƒê¸°í›„, ê³µê°„?•ë³´)",?œêµ­?˜ê²½?•ì±…?‰ê??°êµ¬???€?œë?êµ?https://kr.indeed.com/viewjob?jk=2348e2a45133e72b&tk=1f1k1icngqeic801&from=serp&vjs=3,,
?¸ê³µì§€?¥ì†”ë£¨ì…˜ ?„ë¬¸ê¸°ì—… ?¬ì¸??? ì… (AI SWê°œë°œ??,?¬ì¸??ê²½ìƒë¶ë„ êµ¬ë?,https://kr.indeed.com/viewjob?jk=641c660243ba1f82&tk=1f1k1icngqeic801&from=serp&vjs=3,
AI ê°œë°œ???·ì•„?´ë””,?œìš¸ ê°•ë‚¨êµ?https://kr.indeed.com/viewjob?jk=b8c6ad4bd3f32e3d&tk=1f1k1icngqeic801&from=serp&vjs=3,,
SI ë¹…ë°?´í„° ?‘ìš©ê¸°ìˆ (?Œì´?? ?•ê·œì§?ëª¨ë“œ?ˆì‚¬?Œì ?‘ë™ì¡°í•©,ê²½ìƒ?¨ë„ ì§„ì£¼,https://kr.indeed.com/viewjob?jk=5a21cd7fdb49978e&tk=1f1k1icngqeic801&from=serp&vjs=3,
[ì²?…„?”ì??¸ì¼?ë¦¬] ?Œì´??Excel ?œìš©) ?…ë¬´ ?„ì ë¶€???±ë¡/ê´€ë¦??±í˜¸?„ì,?œìš¸ ê¸ˆì²œêµ?https://kr.indeed.com/viewjob?jk=9a0695002b7ffb96&tk=1f1k1icngqeic801&from=serp&vjs=3,,
[ì²?…„?”ì??¸ì¼?ë¦¬] ë¹…ë°?´í„° ë¶„ì„ ì»¨ì„¤?´íŠ¸,?ˆí¼ë§ˆì¸ì¦??œìš¸ ?±ë™êµ?https://kr.indeed.com/viewjob?jk=953d3c500ff37c11&tk=1f1k1icngqeic801&from=serp&vjs=3,,
Solutions Architect,Amazon Web Services Korea LLC,?œìš¸,https://kr.indeed.com/viewjob?jk=92bea4c7bcd06573&tk=1f1k1icngqeic801&from=serp&vjs=3
"[?œì£¼] ?°êµ¬??R&D ?¸ë ¥ ì¶©ì› (HW, SW)",?¨ì—???œì£¼ ?œì£¼??https://kr.indeed.com/viewjob?jk=39744a92305516ae&tk=1f1k1icngqeic801&from=serp&vjs=3,,
ê²Œì„ê¸°íš(?Œí¬?ˆì»¬ ?”ì?´ë„ˆ),Nexon,?±ë‚¨ ë¶„ë‹¹êµ?https://kr.indeed.com/viewjob?jk=9c18afbb735cac99&tk=1f1k1icngqeic801&from=serp&vjs=3,
"ê¸°í›„?€ê¸°ì•ˆ?„ì—°êµ¬ë³¸ë¶€ ?„ì´‰?°êµ¬??(ê¸°ìƒê¸°í›„, ê³µê°„?•ë³´)",?œêµ­?˜ê²½?•ì±…?‰ê??°êµ¬???€?œë?êµ?https://kr.indeed.com/viewjob?jk=2348e2a45133e72b&tk=1f1k1icngqeic801&from=serp&vjs=3,,
?¸ê³µì§€?¥ì†”ë£¨ì…˜ ?„ë¬¸ê¸°ì—… ?¬ì¸??? ì… (AI SWê°œë°œ??,?¬ì¸??ê²½ìƒë¶ë„ êµ¬ë?,https://kr.indeed.com/viewjob?jk=641c660243ba1f82&tk=1f1k1icngqeic801&from=serp&vjs=3,
AI ê°œë°œ???·ì•„?´ë””,?œìš¸ ê°•ë‚¨êµ?https://kr.indeed.com/viewjob?jk=b8c6ad4bd3f32e3d&tk=1f1k1icngqeic801&from=serp&vjs=3,,
SI ë¹…ë°?´í„° ?‘ìš©ê¸°ìˆ (?Œì´?? ?•ê·œì§?ëª¨ë“œ?ˆì‚¬?Œì ?‘ë™ì¡°í•©,ê²½ìƒ?¨ë„ ì§„ì£¼,https://kr.indeed.com/viewjob?jk=5a21cd7fdb49978e&tk=1f1k1icngqeic801&from=serp&vjs=3,
[ì²?…„?”ì??¸ì¼?ë¦¬] ?Œì´??Excel ?œìš©) ?…ë¬´ ?„ì ë¶€???±ë¡/ê´€ë¦??±í˜¸?„ì,?œìš¸ ê¸ˆì²œêµ?https://kr.indeed.com/viewjob?jk=9a0695002b7ffb96&tk=1f1k1icngqeic801&from=serp&vjs=3,,
[ì²?…„?”ì??¸ì¼?ë¦¬] ë¹…ë°?´í„° ë¶„ì„ ì»¨ì„¤?´íŠ¸,?ˆí¼ë§ˆì¸ì¦??œìš¸ ?±ë™êµ?https://kr.indeed.com/viewjob?jk=953d3c500ff37c11&tk=1f1k1icngqeic801&from=serp&vjs=3,,
Solutions Architect,Amazon Web Services Korea LLC,?œìš¸,https://kr.indeed.com/viewjob?jk=92bea4c7bcd06573&tk=1f1k1icngqeic801&from=serp&vjs=3
"[?œì£¼] ?°êµ¬??R&D ?¸ë ¥ ì¶©ì› (HW, SW)",?¨ì—???œì£¼ ?œì£¼??https://kr.indeed.com/viewjob?jk=39744a92305516ae&tk=1f1k1icngqeic801&from=serp&vjs=3,,
ê²Œì„ê¸°íš(?Œí¬?ˆì»¬ ?”ì?´ë„ˆ),Nexon,?±ë‚¨ ë¶„ë‹¹êµ?https://kr.indeed.com/viewjob?jk=9c18afbb735cac99&tk=1f1k1icngqeic801&from=serp&vjs=3,
ì½”ë”©ê°•ì‚¬ ê²½ë ¥ ?•ê·œì§? ?„ë¦¬?œì„œ,ì½”ë”©?˜ëŠ”?„ì´?¤ì»´?¨í„°?™ì›,?œìš¸ ?€?‰êµ¬,https://kr.indeed.com/viewjob?jk=8fc6e581a11e5a0e&tk=1f1k1icngqeic801&from=serp&vjs=3
?Œì´?¬SW ê¸ˆìœµë¶„ì•¼ ?¹í™” ì±—ë´‡ ê°œë°œ ?¨ê»˜ ???”ì??ˆì–´,?Œìš´???œìš¸ ì¶©ì •ë¡œì—­,https://kr.indeed.com/viewjob?jk=ffd9cedb23e97344&tk=1f1k1icngqeic801&from=serp&vjs=3,
"[ì²?…„?”ì??¸ì¼?ë¦¬] ?ˆí˜?´ì? ?œì‘, ê´€ë¦¬ì¼?ë¦¬] ?ˆí˜?´ì? ?œì‘, ê´€ë¦¬ì",JHcompany,?œìš¸ ê°•ë‚¨êµ?https://kr.indeed.com/viewjob?jk=6811f87c8de697d2&tk=1f1k1icngqeic801&from=serp&vjs=3,
?°êµ¬???°ì´?°ì‚¬?´ì–¸???€???¸ë ¥,ì¼€?´ì??œë¡œ???€?œë?êµ?https://kr.indeed.com/viewjob?jk=4e3922d0322a122b&tk=1f1k1icngqeic801&from=serp&vjs=3,,
"?‘ìš©?„ë¡œê·¸ë¨ê°œë°œ( ?Œì´??C#,?„ë² ?”ë“œ,?¼ì¦ˆë² ë¦¬?Œì´ ??, IoTê°œë°œ??,ì¼€?´ë©???¸ì‚° ?¸ì£¼êµ?https://kr.indeed.com/viewjob?jk=a86f6fb7eea73503&tk=1f1k1icngqeic801&from=serp&vjs=3
?Œí”„?¸ì›¨??ê°œë°œ??ì§€ë©”ì´???¸ì‚° ?¨êµ¬,https://kr.indeed.com/viewjob?jk=b19d6bb593c7d2f2&tk=1f1k1icngqeic801&from=serp&vjs=3
ê¸°í›„?€ê¸°ì•ˆ?„ì—°êµ¬ë³¸ë¶€ ?„ì´‰?°êµ¬??(ê¸°ìƒê¸°í›„"," ê³µê°„?•ë³´)""",?œêµ­?˜ê²½?•ì±…?‰ê??°êµ¬???€?œë?êµ?https://kr.indeed.com/viewjob?jk=2348e2a45133e72b&tk=1f1k1icngqeic801&from=serp&vjs=3,
AI ê°œë°œ???·ì•„?´ë””,?œìš¸ ê°•ë‚¨êµ?https://kr.indeed.com/viewjob?jk=b8c6ad4bd3f32e3d&tk=1f1k1icngqeic801&from=serp&vjs=3,,
?¸ê³µì§€?¥ì†”ë£¨ì…˜ ?„ë¬¸ê¸°ì—… ?¬ì¸??? ì… (AI SWê°œë°œ??,?¬ì¸??ê²½ìƒë¶ë„ êµ¬ë?,https://kr.indeed.com/viewjob?jk=641c660243ba1f82&tk=1f1k1icngqeic801&from=serp&vjs=3,
[ì²?…„?”ì??¸ì¼?ë¦¬] ?Œì´??Excel ?œìš©) ?…ë¬´ ?„ì ë¶€???±ë¡/ê´€ë¦??±í˜¸?„ì,?œìš¸ ê¸ˆì²œêµ?https://kr.indeed.com/viewjob?jk=9a0695002b7ffb96&tk=1f1k1icngqeic801&from=serp&vjs=3,,
SI ë¹…ë°?´í„° ?‘ìš©ê¸°ìˆ (?Œì´?? ?•ê·œì§?ëª¨ë“œ?ˆì‚¬?Œì ?‘ë™ì¡°í•©,ê²½ìƒ?¨ë„ ì§„ì£¼,https://kr.indeed.com/viewjob?jk=5a21cd7fdb49978e&tk=1f1k1icngqeic801&from=serp&vjs=3,
[ì²?…„?”ì??¸ì¼?ë¦¬] ë¹…ë°?´í„° ë¶„ì„ ì»¨ì„¤?´íŠ¸,?ˆí¼ë§ˆì¸ì¦??œìš¸ ?±ë™êµ?https://kr.indeed.com/viewjob?jk=953d3c500ff37c11&tk=1f1k1icngqeic801&from=serp&vjs=3,,
"[?œì£¼] ?°êµ¬??R&D ?¸ë ¥ ì¶©ì› (HW, SW)",?¨ì—???œì£¼ ?œì£¼??https://kr.indeed.com/viewjob?jk=39744a92305516ae&tk=1f1k1icngqeic801&from=serp&vjs=3,,
"[ì²?…„?”ì??¸ì¼?ë¦¬] ?ˆí˜?´ì? ?œì‘, ê´€ë¦¬ì¼?ë¦¬] ?ˆí˜?´ì? ?œì‘, ê´€ë¦¬ì",JHcompany,?œìš¸ ê°•ë‚¨êµ?https://kr.indeed.com/viewjob?jk=6811f87c8de697d2&tk=1f1k1icngqeic801&from=serp&vjs=3,
?Œí”„?¸ì›¨??ê°œë°œ??ì§€ë©”ì´???¸ì‚° ?¨êµ¬,https://kr.indeed.com/viewjob?jk=b19d6bb593c7d2f2&tk=1f1k1icngqeic801&from=serp&vjs=3,,
21?„ë„ ?‘ì„±?ˆë ¨ê³¼ì • ê¸°ê°„??ì§ì—…?ˆë ¨êµì‚¬ [?´ë¼?°ë“œêµ¬ì¶•?´ì˜?¤ë¬´],?€?œìƒê³µíšŒ?˜ì†Œ ê²½ê¸°?¸ë ¥ê°œë°œ??ê²½ê¸°???Œì£¼,https://kr.indeed.com/viewjob?jk=c05816ab888dcc6a&tk=1f1k1icngqeic801&from=serp&vjs=3,
"ê¸°í›„?€ê¸°ì•ˆ?„ì—°êµ¬ë³¸ë¶€ ?„ì´‰?°êµ¬??(ê¸°ìƒê¸°í›„, ê³µê°„?•ë³´)",?œêµ­?˜ê²½?•ì±…?‰ê??°êµ¬???€?œë?êµ?https://kr.indeed.com/viewjob?jk=2348e2a45133e72b&tk=1f1k1icngqeic801&from=serp&vjs=3,,
?¸ê³µì§€?¥ì†”ë£¨ì…˜ ?„ë¬¸ê¸°ì—… ?¬ì¸??? ì… (AI SWê°œë°œ??,?¬ì¸??ê²½ìƒë¶ë„ êµ¬ë?,https://kr.indeed.com/viewjob?jk=641c660243ba1f82&tk=1f1k1icngqeic801&from=serp&vjs=3,
AI ê°œë°œ???·ì•„?´ë””,?œìš¸ ê°•ë‚¨êµ?https://kr.indeed.com/viewjob?jk=b8c6ad4bd3f32e3d&tk=1f1k1icngqeic801&from=serp&vjs=3,,
SI ë¹…ë°?´í„° ?‘ìš©ê¸°ìˆ (?Œì´?? ?•ê·œì§?ëª¨ë“œ?ˆì‚¬?Œì ?‘ë™ì¡°í•©,ê²½ìƒ?¨ë„ ì§„ì£¼,https://kr.indeed.com/viewjob?jk=5a21cd7fdb49978e&tk=1f1k1icngqeic801&from=serp&vjs=3,
[ì²?…„?”ì??¸ì¼?ë¦¬] ?Œì´??Excel ?œìš©) ?…ë¬´ ?„ì ë¶€???±ë¡/ê´€ë¦??±í˜¸?„ì,?œìš¸ ê¸ˆì²œêµ?https://kr.indeed.com/viewjob?jk=9a0695002b7ffb96&tk=1f1k1icngqeic801&from=serp&vjs=3,,
[ì²?…„?”ì??¸ì¼?ë¦¬] ë¹…ë°?´í„° ë¶„ì„ ì»¨ì„¤?´íŠ¸,?ˆí¼ë§ˆì¸ì¦??œìš¸ ?±ë™êµ?https://kr.indeed.com/viewjob?jk=953d3c500ff37c11&tk=1f1k1icngqeic801&from=serp&vjs=3,,
Solutions Architect,Amazon Web Services Korea LLC,?œìš¸,https://kr.indeed.com/viewjob?jk=92bea4c7bcd06573&tk=1f1k1icngqeic801&from=serp&vjs=3
"[?œì£¼] ?°êµ¬??R&D ?¸ë ¥ ì¶©ì› (HW, SW)",?¨ì—???œì£¼ ?œì£¼??https://kr.indeed.com/viewjob?jk=39744a92305516ae&tk=1f1k1icngqeic801&from=serp&vjs=3,,
ê²Œì„ê¸°íš(?Œí¬?ˆì»¬ ?”ì?´ë„ˆ),Nexon,?±ë‚¨ ë¶„ë‹¹êµ?https://kr.indeed.com/viewjob?jk=9c18afbb735cac99&tk=1f1k1icngqeic801&from=serp&vjs=3,
ì½”ë”©ê°•ì‚¬ ê²½ë ¥ ?•ê·œì§? ?„ë¦¬?œì„œ,ì½”ë”©?˜ëŠ”?„ì´?¤ì»´?¨í„°?™ì›,?œìš¸ ?€?‰êµ¬,https://kr.indeed.com/viewjob?jk=8fc6e581a11e5a0e&tk=1f1k1icngqeic801&from=serp&vjs=3
?Œì´?¬SW ê¸ˆìœµë¶„ì•¼ ?¹í™” ì±—ë´‡ ê°œë°œ ?¨ê»˜ ???”ì??ˆì–´,?Œìš´???œìš¸ ì¶©ì •ë¡œì—­,https://kr.indeed.com/viewjob?jk=ffd9cedb23e97344&tk=1f1k1icngqeic801&from=serp&vjs=3,
"[ì²?…„?”ì??¸ì¼?ë¦¬] ?ˆí˜?´ì? ?œì‘, ê´€ë¦¬ì¼?ë¦¬] ?ˆí˜?´ì? ?œì‘, ê´€ë¦¬ì",JHcompany,?œìš¸ ê°•ë‚¨êµ?https://kr.indeed.com/viewjob?jk=6811f87c8de697d2&tk=1f1k1icngqeic801&from=serp&vjs=3,
?°êµ¬???°ì´?°ì‚¬?´ì–¸???€???¸ë ¥,ì¼€?´ì??œë¡œ???€?œë?êµ?https://kr.indeed.com/viewjob?jk=4e3922d0322a122b&tk=1f1k1icngqeic801&from=serp&vjs=3,,
"?‘ìš©?„ë¡œê·¸ë¨ê°œë°œ( ?Œì´??C#,?„ë² ?”ë“œ,?¼ì¦ˆë² ë¦¬?Œì´ ??, IoTê°œë°œ??,ì¼€?´ë©???¸ì‚° ?¸ì£¼êµ?https://kr.indeed.com/viewjob?jk=a86f6fb7eea73503&tk=1f1k1icngqeic801&from=serp&vjs=3
?Œí”„?¸ì›¨??ê°œë°œ??ì§€ë©”ì´???¸ì‚° ?¨êµ¬,https://kr.indeed.com/viewjob?jk=b19d6bb593c7d2f2&tk=1f1k1icngqeic801&from=serp&vjs=3
ê¸°í›„?€ê¸°ì•ˆ?„ì—°êµ¬ë³¸ë¶€ ?„ì´‰?°êµ¬??(ê¸°ìƒê¸°í›„"," ê³µê°„?•ë³´)""",?œêµ­?˜ê²½?•ì±…?‰ê??°êµ¬???€?œë?êµ?https://kr.indeed.com/viewjob?jk=2348e2a45133e72b&tk=1f1k1icngqeic801&from=serp&vjs=3,
?¸ê³µì§€?¥ì†”ë£¨ì…˜ ?„ë¬¸ê¸°ì—… ?¬ì¸??? ì… (AI SWê°œë°œ??,?¬ì¸??ê²½ìƒë¶ë„ êµ¬ë?,https://kr.indeed.com/viewjob?jk=641c660243ba1f82&tk=1f1k1icngqeic801&from=serp&vjs=3,
AI ê°œë°œ???·ì•„?´ë””,?œìš¸ ê°•ë‚¨êµ?https://kr.indeed.com/viewjob?jk=b8c6ad4bd3f32e3d&tk=1f1k1icngqeic801&from=serp&vjs=3,,
SI ë¹…ë°?´í„° ?‘ìš©ê¸°ìˆ (?Œì´?? ?•ê·œì§?ëª¨ë“œ?ˆì‚¬?Œì ?‘ë™ì¡°í•©,ê²½ìƒ?¨ë„ ì§„ì£¼,https://kr.indeed.com/viewjob?jk=5a21cd7fdb49978e&tk=1f1k1icngqeic801&from=serp&vjs=3,
[ì²?…„?”ì??¸ì¼?ë¦¬] ?Œì´??Excel ?œìš©) ?…ë¬´ ?„ì ë¶€???±ë¡/ê´€ë¦??±í˜¸?„ì,?œìš¸ ê¸ˆì²œêµ?https://kr.indeed.com/viewjob?jk=9a0695002b7ffb96&tk=1f1k1icngqeic801&from=serp&vjs=3,,
[ì²?…„?”ì??¸ì¼?ë¦¬] ë¹…ë°?´í„° ë¶„ì„ ì»¨ì„¤?´íŠ¸,?ˆí¼ë§ˆì¸ì¦??œìš¸ ?±ë™êµ?https://kr.indeed.com/viewjob?jk=953d3c500ff37c11&tk=1f1k1icngqeic801&from=serp&vjs=3,,
Solutions Architect,Amazon Web Services Korea LLC,?œìš¸,https://kr.indeed.com/viewjob?jk=92bea4c7bcd06573&tk=1f1k1icngqeic801&from=serp&vjs=3
"[?œì£¼] ?°êµ¬??R&D ?¸ë ¥ ì¶©ì› (HW, SW)",?¨ì—???œì£¼ ?œì£¼??https://kr.indeed.com/viewjob?jk=39744a92305516ae&tk=1f1k1icngqeic801&from=serp&vjs=3,,
ê²Œì„ê¸°íš(?Œí¬?ˆì»¬ ?”ì?´ë„ˆ),Nexon,?±ë‚¨ ë¶„ë‹¹êµ?https://kr.indeed.com/viewjob?jk=9c18afbb735cac99&tk=1f1k1icngqeic801&from=serp&vjs=3,
ì½”ë”©ê°•ì‚¬ ê²½ë ¥ ?•ê·œì§? ?„ë¦¬?œì„œ,ì½”ë”©?˜ëŠ”?„ì´?¤ì»´?¨í„°?™ì›,?œìš¸ ?€?‰êµ¬,https://kr.indeed.com/viewjob?jk=8fc6e581a11e5a0e&tk=1f1k1icngqeic801&from=serp&vjs=3
?Œì´?¬SW ê¸ˆìœµë¶„ì•¼ ?¹í™” ì±—ë´‡ ê°œë°œ ?¨ê»˜ ???”ì??ˆì–´,?Œìš´???œìš¸ ì¶©ì •ë¡œì—­,https://kr.indeed.com/viewjob?jk=ffd9cedb23e97344&tk=1f1k1icngqeic801&from=serp&vjs=3,
"[ì²?…„?”ì??¸ì¼?ë¦¬] ?ˆí˜?´ì? ?œì‘, ê´€ë¦¬ì¼?ë¦¬] ?ˆí˜?´ì? ?œì‘, ê´€ë¦¬ì",JHcompany,?œìš¸ ê°•ë‚¨êµ?https://kr.indeed.com/viewjob?jk=6811f87c8de697d2&tk=1f1k1icngqeic801&from=serp&vjs=3,
?°êµ¬???°ì´?°ì‚¬?´ì–¸???€???¸ë ¥,ì¼€?´ì??œë¡œ???€?œë?êµ?https://kr.indeed.com/viewjob?jk=4e3922d0322a122b&tk=1f1k1icngqeic801&from=serp&vjs=3,,
"?‘ìš©?„ë¡œê·¸ë¨ê°œë°œ( ?Œì´??C#,?„ë² ?”ë“œ,?¼ì¦ˆë² ë¦¬?Œì´ ??, IoTê°œë°œ??,ì¼€?´ë©???¸ì‚° ?¸ì£¼êµ?https://kr.indeed.com/viewjob?jk=a86f6fb7eea73503&tk=1f1k1icngqeic801&from=serp&vjs=3
?Œí”„?¸ì›¨??ê°œë°œ??ì§€ë©”ì´???¸ì‚° ?¨êµ¬,https://kr.indeed.com/viewjob?jk=b19d6bb593c7d2f2&tk=1f1k1icngqeic801&from=serp&vjs=3
",,,
